---
layout: article
title:  "MySQL SELECT语句 二"
categories: mysql
toc: true
ads: true
image:
    teaser: /mysql/select.jpg
---  

> select 语法介绍
---

## SELECT语法介绍
[https://dev.mysql.com/doc/refman/5.7/en/select.html](https://dev.mysql.com/doc/refman/5.7/en/select.htm)

下面所用测试数据:
[https://dev.mysql.com/doc/employee/en/](https://dev.mysql.com/doc/employee/en/)

## LIMIT 和 ORDER BY
1.从employees中 随机 取出一条数据，结果是不确定的  
{% highlight mysql %}
{% raw %}
xtrdb.net [employees]> select * from employees limit 1; 
+--------+------------+------------+-----------+--------+------------+
| emp_no | birth_date | first_name | last_name | gender | hire_date  |
+--------+------------+------------+-----------+--------+------------+
|  10001 | 1953-09-02 | Georgi     | Facello   | M      | 1986-06-26 |
+--------+------------+------------+-----------+--------+------------+
1 row in set (0.00 sec)

ORDER BY col_name 根据某列的值进行排序，将已经查询结果集进行排序
asc：升序(默认)
desc：降序

升序:
xtrdb.net [employees]> select * from employees order by emp_no asc limit 1; 
+--------+------------+------------+-----------+--------+------------+
| emp_no | birth_date | first_name | last_name | gender | hire_date  |
+--------+------------+------------+-----------+--------+------------+
|  10001 | 1953-09-02 | Georgi     | Facello   | M      | 1986-06-26 |
+--------+------------+------------+-----------+--------+------------+
1 row in set (0.00 sec)

降序:
xtrdb.net [employees]> select * from employees order by emp_no  desc limit 1;
+--------+------------+------------+-----------+--------+------------+
| emp_no | birth_date | first_name | last_name | gender | hire_date  |
+--------+------------+------------+-----------+--------+------------+
| 499999 | 1958-05-01 | Sachin     | Tsukuda   | M      | 1997-11-30 |
+--------+------------+------------+-----------+--------+------------+
1 row in set (0.00 sec)

注意：不是所有的 ORDER BY 都创建临时表，这里的emp_no是主键，在ORDER BY 主键，是不会创建临时表，主键本身有序。

xtrdb.net [employees]>  select * from employees order by emp_no asc limit 5,5; 
+--------+------------+------------+-----------+--------+------------+
| emp_no | birth_date | first_name | last_name | gender | hire_date  |
+--------+------------+------------+-----------+--------+------------+
|  10006 | 1953-04-20 | Anneke     | Preusig   | F      | 1989-06-02 |
|  10007 | 1957-05-23 | Tzvetan    | Zielinski | F      | 1989-02-10 |
|  10008 | 1958-02-19 | Saniya     | Kalloufi  | M      | 1994-09-15 |
|  10009 | 1952-04-19 | Sumant     | Peac      | F      | 1985-02-18 |
|  10010 | 1963-06-01 | Duangkaew  | Piveteau  | F      | 1989-08-24 |
+--------+------------+------------+-----------+--------+------------+
5 rows in set (0.00 sec)

以上语法有一种分页的效果，但是会随着start的增加，性能会下降，因为会扫描(1 -->start)
相对推荐的方法：
xtrdb.net [employees]> select * from employees where emp_no > 20000 order by emp_no limit 5;
+--------+------------+------------+-----------+--------+------------+
| emp_no | birth_date | first_name | last_name | gender | hire_date  |
+--------+------------+------------+-----------+--------+------------+
|  20001 | 1962-05-16 | Atreye     | Eppinger  | M      | 1990-04-18 |
|  20002 | 1955-12-25 | Jaber      | Brender   | M      | 1988-01-26 |
|  20003 | 1953-04-11 | Munehiko   | Coors     | F      | 1991-02-07 |
|  20004 | 1952-03-07 | Radoslaw   | Pfau      | M      | 1995-11-24 |
|  20005 | 1956-02-20 | Licheng    | Przulj    | M      | 1992-07-17 |
+--------+------------+------------+-----------+--------+------------+
5 rows in set (0.10 sec)

比较推荐：
将如数据放cache中，如redis
{% endraw %}
{% endhighlight %}
关于分页，推荐叶老师的一篇文章：
[优化|再用传统分页SQL你就死定了](http://mp.weixin.qq.com/s/U2CPJa-KUFE-CiYPAxg6Dg)

## WHERE
`WHERE` 是将查询出来的结果，通过 `WHERE` 后面的条件`(condition)`，对结果进行过滤
{% highlight mysql %}
{% raw %}
xtrdb.net [employees]> select * from employees  where emp_no > 30000  limit 4;
+--------+------------+------------+-----------+--------+------------+
| emp_no | birth_date | first_name | last_name | gender | hire_date  |
+--------+------------+------------+-----------+--------+------------+
|  30001 | 1953-03-27 | Izaskun    | Morton    | M      | 1988-05-21 |
|  30002 | 1960-08-23 | Branimir   | Snedden   | M      | 1998-09-24 |
|  30003 | 1952-11-25 | Takahito   | Vilarrasa | M      | 1990-08-22 |
|  30004 | 1957-11-26 | Lucian     | Penttonen | F      | 1992-10-08 |
+--------+------------+------------+-----------+--------+------------+
4 rows in set (0.00 sec)

xtrdb.net [employees]> select * from employees where emp_no > 40000 order by emp_no limit 4;
+--------+------------+------------+-----------+--------+------------+
| emp_no | birth_date | first_name | last_name | gender | hire_date  |
+--------+------------+------------+-----------+--------+------------+
|  40001 | 1956-03-28 | Akemi      | Maliniak  | F      | 1987-08-06 |
|  40002 | 1960-03-15 | Nakhoon    | Badr      | M      | 1990-02-13 |
|  40003 | 1960-01-26 | Jacopo     | Marshall  | F      | 1991-09-30 |
|  40004 | 1955-09-09 | Anneke     | Stiles    | F      | 1986-03-05 |
+--------+------------+------------+-----------+--------+------------+
4 rows in set (0.00 sec)

and/or进行逻辑与/或:
xtrdb.net [employees]> select * from employees 
    -> where emp_no > 4000
    -> and hire_date > '1991-01-01'
    -> order by emp_no limit 2;
+--------+------------+------------+-----------+--------+------------+
| emp_no | birth_date | first_name | last_name | gender | hire_date  |
+--------+------------+------------+-----------+--------+------------+
|  10008 | 1958-02-19 | Saniya     | Kalloufi  | M      | 1994-09-15 |
|  10012 | 1960-10-04 | Patricio   | Bridgland | M      | 1992-12-18 |
+--------+------------+------------+-----------+--------+------------+
2 rows in set (0.00 sec)

xtrdb.net [employees]> select * from employees  where (emp_no > 4000 and hire_date > '1991-01-01') or (emp_no > 4000 and hire_date > '1961-01-01') order by emp_no limit 6;
+--------+------------+------------+-----------+--------+------------+
| emp_no | birth_date | first_name | last_name | gender | hire_date  |
+--------+------------+------------+-----------+--------+------------+
|  10001 | 1953-09-02 | Georgi     | Facello   | M      | 1986-06-26 |
|  10002 | 1964-06-02 | Bezalel    | Simmel    | F      | 1985-11-21 |
|  10003 | 1959-12-03 | Parto      | Bamford   | M      | 1986-08-28 |
|  10004 | 1954-05-01 | Chirstian  | Koblick   | M      | 1986-12-01 |
|  10005 | 1955-01-21 | Kyoichi    | Maliniak  | M      | 1989-09-12 |
|  10006 | 1953-04-20 | Anneke     | Preusig   | F      | 1989-06-02 |
+--------+------------+------------+-----------+--------+------------+
6 rows in set (0.00 sec)
{% endraw %}
{% endhighlight %}
## 简单数据入门 JOIN
1.测试数据
xtrdb.net [test]> select * from a;
+------+-----------+
| id   | name      |
+------+-----------+
|    1 | jingan    |
|    2 | changning |
|    3 | baoshan   |
|    4 | jingan    |
|    5 | fengxian  |
|    5 | fengxian  |
+------+-----------+
6 rows in set (0.06 sec)

xtrdb.net [test]> 
xtrdb.net [test]> select * from b;
+------+-----------+
| id   | name      |
+------+-----------+
|    1 | songjiang |
|    2 | baoshan   |
|    3 | jiading   |
|    4 | changning |
+------+-----------+
4 rows in set (0.04 sec)

2.left join：
左表 left join 右表 on 条件；  
	左表全部显示，右表是匹配表，  
	如果右表的某条记录满足 [on 条件] 匹配，则该记录显示  
	如果右表的某条记录 不 满足 匹配，则该记录显示NULL  

xtrdb.net [test]> select * from a  left join b on a.id = b.id;
+------+-----------+------+-----------+
| id   | name      | id   | name      |
+------+-----------+------+-----------+
|    1 | jingan    |    1 | songjiang |    // 满足条件的，显示t2中该条记录的值
|    2 | changning |    2 | baoshan   |
|    3 | baoshan   |    3 | jiading   |
|    4 | jingan    |    4 | changning |
|    5 | fengxian  | NULL | NULL      |    // 不满足条件的，用NULL填充
|    5 | fengxian  | NULL | NULL      |
+------+-----------+------+-----------+
6 rows in set (0.00 sec)


3.right join
左表 right join 右表 on 条件：
 	右表全部显示，左边是匹配表,  
	同样和left join，满足则显示，不满足且右表中有值，则填充NULL  

xtrdb.net [test]> select * from a right join b on a.id = b.id;
+------+-----------+------+-----------+
| id   | name      | id   | name      |
+------+-----------+------+-----------+
|    1 | jingan    |    1 | songjiang |
|    2 | changning |    2 | baoshan   |
|    3 | baoshan   |    3 | jiading   |
|    4 | jingan    |    4 | changning |
+------+-----------+------+-----------+
4 rows in set (0.00 sec)


xtrdb.net [test]> insert into b values(6,'yangpu');
Query OK, 1 row affected (0.00 sec)

xtrdb.net [test]> select * from a right join b on a.id = b.id;
+------+-----------+------+-----------+
| id   | name      | id   | name      |
+------+-----------+------+-----------+
|    1 | jingan    |    1 | songjiang |
|    2 | changning |    2 | baoshan   |
|    3 | baoshan   |    3 | jiading   |
|    4 | jingan    |    4 | changning |
| NULL | NULL      |    6 | yangpu    |  // 右表存在，左表没有，用NULL填充
+------+-----------+------+-----------+
5 rows in set (0.00 sec)


3.查找在a表，而不在b表的数据
xtrdb.net [test]> select * from a left join b on a.id=b.id where b.id is null;
+------+----------+------+------+
| id   | name     | id   | name |
+------+----------+------+------+
|    5 | fengxian | NULL | NULL |
|    5 | fengxian | NULL | NULL |
+------+----------+------+------+
2 rows in set (0.00 sec)

// left join ： left outer join , outer关键字可以省略
// right join： right outer join , outer 关键字可以省略  

## 深入了解 JOIN
1.关联employees表和titles表，要求是 employees的emp_no 等于 titles的emp_no  
{% highlight mysql %}
{% raw %}
xtrdb.net [employees]> SELECT 
    ->     e.emp_no, concat(first_name, ' ', last_name ) name,gender, title
    -> FROM
    ->     employees e,
    ->     titles t
    -> WHERE
    ->     e.emp_no = t.emp_no 
    -> order by title limit 2;
+--------+-----------------+--------+--------------------+
| emp_no | name            | gender | title              |
+--------+-----------------+--------+--------------------+
| 487557 | Georgi Vecchio  | F      | Assistant Engineer |
| 487584 | Rasiah Bednarek | M      | Assistant Engineer |
+--------+-----------------+--------+--------------------+
2 rows in set (0.70 sec)

xtrdb.net [employees]> SELECT 
    ->     e.emp_no, concat(first_name, ' ', last_name ) name,gender, title
    -> FROM
    ->     employees e
    ->     inner join 
    ->     titles t
    -> on
    ->     e.emp_no = t.emp_no 
    -> order by title limit 2;
+--------+-----------------+--------+--------------------+
| emp_no | name            | gender | title              |
+--------+-----------------+--------+--------------------+
| 487557 | Georgi Vecchio  | F      | Assistant Engineer |
| 487584 | Rasiah Bednarek | M      | Assistant Engineer |
+--------+-----------------+--------+--------------------+
2 rows in set (0.57 sec)

// 上面的两条语句执行计划一样，只是第一条字节数少
// 第一种是ANSI SQL 89
// 第二种是ANSI SLQ 92： inner join ... on...  (ON 参与outer join的结果的生成，而where只是对结果的一个过滤)
{% endraw %}
{% endhighlight %}
## OUTER JOIN    
1.查询哪些员工不是经理 left join
{% highlight mysql %}
{% raw %}
xtrdb.net [employees]> SELECT 
    ->     e.emp_no, CONCAT(first_name, ' ', last_name) as name
    -> FROM
    ->     employees e
    ->     LEFT JOIN
    ->     dept_manager d ON e.emp_no = d.emp_no  // on 后面的条件参与左连接
    ->     where d.emp_no is null limit 3;        // 是执行left join后再过滤where
+--------+----------------+ 
| emp_no | name           |
+--------+----------------+
|  10001 | Georgi Facello |
|  10002 | Bezalel Simmel |
|  10003 | Parto Bamford  |
+--------+----------------+
3 rows in set (0.00 sec)
// 扩展一点：
// 1.select * from a left join b on a.a = b.a where b.a is null;
// 2.可以通过集合的方式来理解join
// 3.在 inner join中，过滤条件放在where或者on中是可以
// 4.在 outer join中 条件放在where和on中是不一样
关于3 4下面实例解释:
xtrdb.net [test]> select * from a left join b on a.id = b.id where b.id is null;
+------+----------+------+------+
| id   | name     | id   | name |
+------+----------+------+------+
|    5 | fengxian | NULL | NULL |
|    5 | fengxian | NULL | NULL |
+------+----------+------+------+
2 rows in set (0.00 sec)

xtrdb.net [test]> select * from a left join b on a.id = b.id and b.id is null;
+------+-----------+------+------+
| id   | name      | id   | name |
+------+-----------+------+------+
|    1 | jingan    | NULL | NULL |  //  除了a.id = b.id, 还要找到b.id is null的，但是b.id 里面没有null，所有a全部显示，b全为null
|    2 | changning | NULL | NULL |
|    3 | baoshan   | NULL | NULL |
|    4 | jingan    | NULL | NULL |
|    5 | fengxian  | NULL | NULL |
|    5 | fengxian  | NULL | NULL |
+------+-----------+------+------+
6 rows in set (0.00 sec)
{% endraw %}
{% endhighlight %}
## group by
1. 查出同一个部门的员工数量
{% highlight mysql %}
{% raw %}
xtrdb.net [employees]> select dept_no,count(emp_no) as xtrdb from dept_emp group by dept_no limit 5;    // count():分组函数
+---------+-------+
| dept_no | xtrdb |
+---------+-------+
| d001    | 20211 |
| d002    | 17346 |
| d003    | 17786 |
| d004    | 73485 |
| d005    | 85707 |
+---------+-------+
5 rows in set (0.09 sec))
{% endraw %}
{% endhighlight %}
2.选出部门人数 > 50000 的部门
{% highlight mysql %}
{% raw %}
xtrdb.net [employees]> select dept_no,count(emp_no) as xtrdb from dept_emp group by dept_no having xtrdb > 50000; 
+---------+-------+
| dept_no | xtrdb |
+---------+-------+
| d004    | 73485 |
| d005    | 85707 |
| d007    | 52245 |
+---------+-------+
3 rows in set (0.11 sec)
// 对分组的聚合函数做过滤，使用having
{% endraw %}
{% endhighlight %}

推荐SELECT学习文章:
[https://en.wikibooks.org/wiki/SQL_Exercises/The_computer_store](https://en.wikibooks.org/wiki/SQL_Exercises/The_computer_store)
书籍：
《MySQL技术内幕：SQL编程》
《SQL COOKBOOK》
工具：
workbench